"treatment","plant_cover","Urochloa panicoides","Enteropogon acicularis","Austrodanthonia caespitosa","Cyperus rotundus","stipa species"
"High",27.3809523809524,47.5,67.3809523809524,15.2380952380952,15,0
"Medium",35.2380952380952,15,65.4761904761905,18.3333333333333,17.2916666666667,5
"None",35.4761904761905,13.3333333333333,60.1190476190476,15.3571428571429,19.3333333333333,0
